quote_date,paper,exch,open,high,low,close,volume,value
20171012,AVANCE,Oslo Børs,22.50,22.90,22.30,22.40,495396,11183517
20171011,AVANCE,Oslo Børs,22.30,22.70,22.30,22.50,510534,11458170
20171010,AVANCE,Oslo Børs,21.90,22.40,21.70,22.30,341123,7502385
20171009,AVANCE,Oslo Børs,22.40,22.50,21.70,21.90,442787,9768828
20171006,AVANCE,Oslo Børs,22.60,22.80,22.40,22.50,188187,4238848
20171005,AVANCE,Oslo Børs,22.60,23.10,22.50,22.60,436775,9933903
20171004,AVANCE,Oslo Børs,23.10,23.20,22.50,22.90,391644,8904950
20171003,AVANCE,Oslo Børs,22.00,23.10,21.90,22.90,1006307,22770432
20171002,AVANCE,Oslo Børs,23.10,23.30,21.60,21.90,824825,18309438
20170929,AVANCE,Oslo Børs,22.50,23.40,22.20,23.20,700199,15977629
20170928,AVANCE,Oslo Børs,21.60,22.80,21.40,22.50,1468930,32805830
20170927,AVANCE,Oslo Børs,21.10,21.90,20.90,21.50,1028962,22161787
20170926,AVANCE,Oslo Børs,20.70,21.00,20.40,20.60,224429,4641153
20170925,AVANCE,Oslo Børs,21.10,21.20,20.50,20.70,375097,7827583
20170922,AVANCE,Oslo Børs,20.70,21.20,20.50,21.10,952429,19997264
20170921,AVANCE,Oslo Børs,21.10,21.30,20.50,20.90,435812,9122607
20170920,AVANCE,Oslo Børs,21.70,22.00,21.10,21.20,497360,10609482
20170919,AVANCE,Oslo Børs,21.50,22.10,21.50,21.70,310621,6780568
20170918,AVANCE,Oslo Børs,21.70,21.90,21.30,21.60,255131,5510600
20170915,AVANCE,Oslo Børs,21.50,21.70,21.10,21.30,341451,7274914
20170914,AVANCE,Oslo Børs,21.90,22.00,21.10,21.80,700339,15062288
20170913,AVANCE,Oslo Børs,23.20,23.20,21.90,21.90,832191,18664121
20170912,AVANCE,Oslo Børs,22.70,23.70,22.30,23.20,1590184,36876187
20170911,AVANCE,Oslo Børs,21.90,22.60,21.90,22.50,594831,13324911
20170908,AVANCE,Oslo Børs,22.40,22.70,21.60,21.90,656454,14509441
20170907,AVANCE,Oslo Børs,21.40,22.80,21.30,22.10,1987184,43824898
20170906,AVANCE,Oslo Børs,21.40,21.50,21.00,21.30,376351,7988443
20170905,AVANCE,Oslo Børs,21.90,21.90,21.10,21.40,869920,18736097
20170904,AVANCE,Oslo Børs,20.90,21.50,20.60,21.50,244365,5154299
20170901,AVANCE,Oslo Børs,21.50,22.20,21.10,21.10,1446326,31272550
20170831,AVANCE,Oslo Børs,20.50,21.10,20.40,20.90,376082,7781154
20170830,AVANCE,Oslo Børs,21.00,21.00,20.50,20.70,128208,2666402
20170829,AVANCE,Oslo Børs,21.00,21.00,19.80,20.90,356218,7252290
20170828,AVANCE,Oslo Børs,21.00,21.10,20.70,20.70,186754,3902658
20170825,AVANCE,Oslo Børs,20.70,21.20,20.50,20.90,192569,3993019
20170824,AVANCE,Oslo Børs,21.50,21.50,20.70,20.70,279155,5863984
20170823,AVANCE,Oslo Børs,20.70,21.70,20.40,21.00,422822,8960618
20170822,AVANCE,Oslo Børs,20.70,21.00,20.30,20.40,106395,2185099
20170821,AVANCE,Oslo Børs,21.20,21.30,20.60,20.70,104461,2173162
20170818,AVANCE,Oslo Børs,21.00,21.20,20.80,21.10,88416,1858194
20170817,AVANCE,Oslo Børs,20.70,21.10,20.70,21.10,164161,3441843
20170816,AVANCE,Oslo Børs,20.70,21.20,20.60,20.70,213176,4469541
20170815,AVANCE,Oslo Børs,20.70,20.90,20.50,20.50,151743,3139501
20170814,AVANCE,Oslo Børs,21.20,21.40,20.80,21.00,207317,4366324
20170811,AVANCE,Oslo Børs,20.60,21.30,20.40,21.20,367231,7660324
20170810,AVANCE,Oslo Børs,21.10,21.30,20.70,20.80,247468,5189660
20170809,AVANCE,Oslo Børs,21.40,21.60,21.00,21.40,127436,2709797
20170808,AVANCE,Oslo Børs,20.60,22.20,20.60,21.30,455986,9801145
20170807,AVANCE,Oslo Børs,21.70,21.70,20.50,20.60,576049,12035821
20170804,AVANCE,Oslo Børs,22.20,22.20,21.20,21.60,360756,7779051
20170803,AVANCE,Oslo Børs,23.00,23.40,22.10,22.20,309514,6979143
20170802,AVANCE,Oslo Børs,23.00,23.60,23.00,23.50,388431,9010101
20170801,AVANCE,Oslo Børs,24.20,24.60,23.30,23.30,359769,8614402
20170731,AVANCE,Oslo Børs,24.50,24.80,23.40,24.00,334249,7966625
20170728,AVANCE,Oslo Børs,24.00,24.60,23.80,24.50,144379,3508434
20170727,AVANCE,Oslo Børs,25.10,25.10,24.10,24.30,213312,5216248
20170726,AVANCE,Oslo Børs,25.30,25.30,24.60,25.00,89808,2234404
20170725,AVANCE,Oslo Børs,25.10,25.10,24.40,24.90,117269,2907844
20170724,AVANCE,Oslo Børs,24.50,25.00,24.50,25.00,144001,3565262
20170721,AVANCE,Oslo Børs,24.50,24.90,24.10,24.50,362130,8844380
20170720,AVANCE,Oslo Børs,25.10,25.70,24.50,24.80,593821,14908775
20170719,AVANCE,Oslo Børs,24.60,25.50,24.50,25.10,533970,13420821
20170718,AVANCE,Oslo Børs,23.80,24.80,23.60,24.60,657126,15982541
20170717,AVANCE,Oslo Børs,23.20,23.90,22.80,23.80,509259,11853685
20170714,AVANCE,Oslo Børs,22.80,23.50,22.60,23.00,464254,10712540
20170713,AVANCE,Oslo Børs,22.20,22.80,21.80,22.80,398370,8828439
20170712,AVANCE,Oslo Børs,21.50,22.90,21.20,22.50,699978,15702482
20170711,AVANCE,Oslo Børs,21.70,21.70,21.00,21.00,263927,5627218
20170710,AVANCE,Oslo Børs,21.30,21.60,20.70,21.50,302909,6448712
20170707,AVANCE,Oslo Børs,21.00,21.40,20.80,21.20,105453,2232370
20170706,AVANCE,Oslo Børs,21.70,21.70,20.70,20.90,127548,2700283
20170705,AVANCE,Oslo Børs,21.60,22.00,21.20,21.20,179910,3870377
20170704,AVANCE,Oslo Børs,21.00,22.00,21.00,21.60,251929,5422461
20170703,AVANCE,Oslo Børs,21.40,21.70,21.00,21.10,87660,1869698
20170630,AVANCE,Oslo Børs,21.10,21.30,20.60,21.10,179974,3780033
20170629,AVANCE,Oslo Børs,20.30,21.30,20.30,20.90,196654,4102648
20170628,AVANCE,Oslo Børs,20.60,20.70,20.20,20.60,148098,3032676
20170627,AVANCE,Oslo Børs,20.50,20.90,20.30,20.40,115328,2372920
20170626,AVANCE,Oslo Børs,20.60,21.30,20.30,20.50,153427,3174335
20170623,AVANCE,Oslo Børs,20.90,21.50,20.70,20.80,193290,4074074
20170622,AVANCE,Oslo Børs,20.30,21.20,19.70,20.90,255199,5194047
20170621,AVANCE,Oslo Børs,20.40,20.70,20.10,20.20,264457,5359496
20170620,AVANCE,Oslo Børs,21.20,21.60,20.40,20.50,309797,6514831
20170619,AVANCE,Oslo Børs,19.90,21.10,19.80,20.80,452835,9311731
20170616,AVANCE,Oslo Børs,20.50,20.80,19.50,19.50,816440,16135914
20170615,AVANCE,Oslo Børs,21.60,21.70,20.30,20.40,557078,11594306
20170614,AVANCE,Oslo Børs,21.50,22.00,20.80,21.60,356280,7657699
20170613,AVANCE,Oslo Børs,22.30,22.40,21.50,21.50,530061,11539549
20170612,AVANCE,Oslo Børs,21.80,22.90,21.70,22.00,506068,11178704
20170609,AVANCE,Oslo Børs,20.20,22.00,20.20,21.50,650880,13899935
20170608,AVANCE,Oslo Børs,20.50,21.30,19.60,20.00,625032,12825787
20170607,AVANCE,Oslo Børs,21.10,22.30,20.50,20.50,1204059,25599677
20170606,AVANCE,Oslo Børs,22.00,22.40,21.10,21.10,322479,6918201
20170602,AVANCE,Oslo Børs,22.40,22.80,21.80,22.00,287388,6376062
20170601,AVANCE,Oslo Børs,22.40,22.70,21.70,22.50,395347,8735173
20170531,AVANCE,Oslo Børs,23.20,23.70,21.80,22.30,576496,13146655
20170530,AVANCE,Oslo Børs,22.50,23.70,22.00,22.70,555273,12666852
20170529,AVANCE,Oslo Børs,22.00,22.40,20.40,21.80,661631,14117603
20170526,AVANCE,Oslo Børs,23.40,23.40,22.00,22.00,341888,7702947
20170524,AVANCE,Oslo Børs,24.50,24.90,23.20,23.20,411365,9719551
20170523,AVANCE,Oslo Børs,24.00,24.80,23.70,24.50,197234,4783899
20170522,AVANCE,Oslo Børs,24.70,24.80,24.00,24.00,180419,4402723
20170519,AVANCE,Oslo Børs,24.80,24.80,24.00,24.30,184240,4481193
20170518,AVANCE,Oslo Børs,25.20,25.20,23.60,24.80,528636,12833121
20170516,AVANCE,Oslo Børs,24.30,25.40,23.50,25.20,1001871,24578600
20170515,AVANCE,Oslo Børs,23.40,23.80,23.10,23.80,212400,4977219
20170512,AVANCE,Oslo Børs,23.20,23.60,23.00,23.40,191229,4456723
20170511,AVANCE,Oslo Børs,24.10,24.10,23.00,23.20,243703,5708541
20170510,AVANCE,Oslo Børs,23.50,24.50,23.50,23.80,448671,10697341
20170509,AVANCE,Oslo Børs,23.70,24.40,23.40,23.60,581700,13905902
20170508,AVANCE,Oslo Børs,23.40,23.70,22.70,23.70,827861,19182482
20170505,AVANCE,Oslo Børs,23.80,24.10,23.20,23.70,400933,9491766
20170504,AVANCE,Oslo Børs,24.90,25.00,24.20,24.30,425331,10456350
20170503,AVANCE,Oslo Børs,25.40,25.50,24.80,24.90,168243,4207878
20170502,AVANCE,Oslo Børs,24.40,25.70,24.10,25.20,324100,8050457
20170428,AVANCE,Oslo Børs,24.60,24.80,24.30,24.30,311148,7621920
20170427,AVANCE,Oslo Børs,25.20,25.20,24.40,24.70,428273,10643257
20170426,AVANCE,Oslo Børs,25.30,25.90,24.80,25.10,373643,9444389
20170425,AVANCE,Oslo Børs,26.40,26.40,25.10,25.20,379297,9712706
20170424,AVANCE,Oslo Børs,25.50,26.10,25.00,25.90,384960,9862425
20170421,AVANCE,Oslo Børs,25.00,25.20,24.60,24.90,477178,11881944
20170420,AVANCE,Oslo Børs,25.60,26.20,24.40,24.70,563205,14145689
20170419,AVANCE,Oslo Børs,26.50,26.90,25.50,25.60,449301,11736745
20170418,AVANCE,Oslo Børs,27.90,27.90,26.60,26.80,493112,13305269
20170412,AVANCE,Oslo Børs,27.90,28.50,27.90,27.90,78266,2197522
20170411,AVANCE,Oslo Børs,27.60,28.40,27.60,27.90,102969,2885392
20170410,AVANCE,Oslo Børs,28.20,28.60,27.50,27.90,149677,4168062
20170407,AVANCE,Oslo Børs,27.50,28.60,27.40,28.20,284261,7973011
20170406,AVANCE,Oslo Børs,27.40,27.90,27.00,27.90,289482,7919248
20170405,AVANCE,Oslo Børs,28.40,28.40,27.40,27.80,495731,13709770
20170404,AVANCE,Oslo Børs,29.00,29.00,27.70,27.80,580275,16291722
20170403,AVANCE,Oslo Børs,28.70,29.10,28.30,28.70,291294,8385899
20170331,AVANCE,Oslo Børs,29.00,29.30,28.20,28.20,430081,12349901
20170330,AVANCE,Oslo Børs,28.20,29.60,28.00,28.80,860621,24919040
20170329,AVANCE,Oslo Børs,28.50,28.80,27.20,27.80,379303,10541711
20170328,AVANCE,Oslo Børs,27.80,28.40,27.60,28.20,296549,8332224
20170327,AVANCE,Oslo Børs,27.70,28.00,26.70,27.50,535110,14641955
20170324,AVANCE,Oslo Børs,28.90,28.90,27.60,28.10,447363,12620806
20170323,AVANCE,Oslo Børs,28.80,29.60,28.50,28.70,408575,11816560
20170322,AVANCE,Oslo Børs,29.00,29.50,27.60,29.10,860797,24534307
20170321,AVANCE,Oslo Børs,31.60,31.70,29.50,29.60,534130,16289418
20170320,AVANCE,Oslo Børs,31.30,31.60,30.30,31.50,486724,15112095
20170317,AVANCE,Oslo Børs,31.40,31.80,31.20,31.30,497891,15665499
20170316,AVANCE,Oslo Børs,31.50,32.00,31.10,31.40,323126,10156257
20170315,AVANCE,Oslo Børs,31.50,31.70,30.30,31.40,626949,19533577
20170314,AVANCE,Oslo Børs,32.00,32.40,30.80,31.30,898059,28432081
20170313,AVANCE,Oslo Børs,29.90,31.70,29.80,31.50,1181999,36695843
20170310,AVANCE,Oslo Børs,28.50,30.00,28.50,29.80,532339,15744846
20170309,AVANCE,Oslo Børs,29.40,29.40,28.30,28.50,541069,15625996
20170308,AVANCE,Oslo Børs,29.00,30.10,28.90,29.50,614446,18169631
20170307,AVANCE,Oslo Børs,28.80,29.50,28.40,29.00,339177,9803609
20170306,AVANCE,Oslo Børs,29.30,29.30,28.10,28.80,455961,13004050
20170303,AVANCE,Oslo Børs,28.70,29.30,28.20,28.60,357368,10275428
20170302,AVANCE,Oslo Børs,30.50,30.50,28.60,28.90,648910,19155851
20170301,AVANCE,Oslo Børs,29.00,30.70,28.70,30.40,853587,25556582
20170228,AVANCE,Oslo Børs,28.80,29.50,28.30,28.80,853742,24865791
20170227,AVANCE,Oslo Børs,28.20,29.60,27.70,29.10,666116,19175727
20170224,AVANCE,Oslo Børs,28.70,28.70,28.00,28.30,371587,10516992
20170223,AVANCE,Oslo Børs,28.20,29.60,28.00,29.00,787652,22794967
20170222,AVANCE,Oslo Børs,29.90,30.30,27.70,28.00,968050,27526076
20170221,AVANCE,Oslo Børs,28.20,29.90,28.10,29.90,1150790,33478256
20170220,AVANCE,Oslo Børs,26.10,28.30,25.20,28.00,958218,26331472
20170217,AVANCE,Oslo Børs,27.70,27.70,26.40,26.60,827601,22197356
20170216,AVANCE,Oslo Børs,26.80,27.80,26.30,27.80,790360,21316440
20170215,AVANCE,Oslo Børs,27.00,27.40,26.10,27.10,1112545,29870013
20170214,AVANCE,Oslo Børs,27.50,28.50,26.70,27.40,1078987,29759519
20170213,AVANCE,Oslo Børs,27.70,28.90,26.90,28.70,755705,21210275
20170210,AVANCE,Oslo Børs,27.20,28.10,26.90,27.60,493726,13592293
20170209,AVANCE,Oslo Børs,26.90,27.60,26.40,27.50,542770,14662918
20170208,AVANCE,Oslo Børs,27.40,27.50,26.40,27.10,532742,14382406
20170207,AVANCE,Oslo Børs,26.80,27.70,26.60,27.50,666498,18215483
20170206,AVANCE,Oslo Børs,28.00,28.70,26.80,27.30,920525,25401432
20170203,AVANCE,Oslo Børs,26.80,28.20,26.70,27.60,716537,19699994
20170202,AVANCE,Oslo Børs,27.90,27.90,26.20,26.70,1624081,43607163
20170201,AVANCE,Oslo Børs,28.90,29.10,27.60,27.80,1599943,45363084
20170131,AVANCE,Oslo Børs,28.40,29.90,28.30,29.00,1156156,33518194
20170130,AVANCE,Oslo Børs,30.30,30.30,28.10,28.40,1406678,41133531
20170127,AVANCE,Oslo Børs,31.80,31.80,29.40,30.50,3316762,100266233
20170126,AVANCE,Oslo Børs,33.60,34.50,31.90,31.90,1253175,41336339
20170125,AVANCE,Oslo Børs,34.00,34.40,33.30,33.50,654452,22007718
20170124,AVANCE,Oslo Børs,34.70,35.00,33.10,34.00,1285128,43567834
20170123,AVANCE,Oslo Børs,34.90,35.80,34.10,34.60,1072836,37559957
20170120,AVANCE,Oslo Børs,34.30,35.10,33.50,34.60,1387620,48075876
20170119,AVANCE,Oslo Børs,34.80,35.40,33.50,33.70,1194416,41057668
20170118,AVANCE,Oslo Børs,33.40,35.30,32.90,34.50,2107327,72398088
20170117,AVANCE,Oslo Børs,30.80,34.10,30.80,33.10,2235243,73239405
20170116,AVANCE,Oslo Børs,31.20,31.20,30.60,30.80,503373,15557420
20170113,AVANCE,Oslo Børs,30.30,31.20,30.00,31.10,1204323,37008747
20170112,AVANCE,Oslo Børs,29.40,30.20,29.40,30.00,962632,28795702
20170111,AVANCE,Oslo Børs,28.70,29.50,27.50,29.40,1600880,45581565
20170110,AVANCE,Oslo Børs,29.90,30.00,29.00,29.10,1211459,35657961
20170109,AVANCE,Oslo Børs,31.00,31.70,29.20,30.20,1741691,52724579
20170106,AVANCE,Oslo Børs,31.60,31.80,29.90,30.90,1977259,60615184
20170105,AVANCE,Oslo Børs,28.70,32.00,28.70,31.00,3605817,109551472
20170104,AVANCE,Oslo Børs,29.70,29.90,28.20,28.30,1400782,40502135
20170103,AVANCE,Oslo Børs,28.80,29.60,28.60,29.60,2175975,63270418
20170102,AVANCE,Oslo Børs,27.00,28.40,26.00,27.90,2249846,61801816
20161230,AVANCE,Oslo Børs,26.70,26.70,25.30,26.50,1115335,29109175
20161229,AVANCE,Oslo Børs,26.30,26.80,25.00,26.70,907932,23578512
20161228,AVANCE,Oslo Børs,27.40,27.40,25.90,26.30,1053204,28122931
20161227,AVANCE,Oslo Børs,26.20,27.60,26.20,26.80,1105196,29786543
20161223,AVANCE,Oslo Børs,26.40,26.40,25.70,25.80,488377,12757355
20161222,AVANCE,Oslo Børs,26.20,26.40,25.40,26.20,1172985,30519865
20161221,AVANCE,Oslo Børs,23.40,26.20,23.30,26.20,3086716,77686805
20161220,AVANCE,Oslo Børs,22.70,23.50,22.50,23.20,921067,21117395
20161219,AVANCE,Oslo Børs,22.60,22.70,22.20,22.30,690208,15484830
20161216,AVANCE,Oslo Børs,22.80,23.00,22.00,22.00,1436585,32274137
20161215,AVANCE,Oslo Børs,23.10,23.10,21.80,22.60,1386247,31107724
20161214,AVANCE,Oslo Børs,23.10,23.80,22.10,23.00,595436,13929093
20161213,AVANCE,Oslo Børs,23.70,23.70,22.10,23.00,623222,14383636
20161212,AVANCE,Oslo Børs,23.00,24.00,23.00,23.80,1262132,29812270
20161209,AVANCE,Oslo Børs,23.50,23.70,22.30,22.90,735481,16822719
20161208,AVANCE,Oslo Børs,22.60,23.60,22.60,23.40,975384,22643837
20161207,AVANCE,Oslo Børs,22.90,23.40,22.50,22.70,721724,16445047
20161206,AVANCE,Oslo Børs,22.30,23.10,22.30,22.70,774774,17676435
20161205,AVANCE,Oslo Børs,22.00,22.50,21.20,22.40,1497936,33172278
20161202,AVANCE,Oslo Børs,20.00,22.00,19.70,21.80,1488634,31116121
20161201,AVANCE,Oslo Børs,18.70,19.90,18.70,19.90,2542890,49182143
20161130,AVANCE,Oslo Børs,18.40,19.00,17.70,18.10,2019090,36869759
20161129,AVANCE,Oslo Børs,19.30,19.30,18.00,18.20,795113,14702630
20161128,AVANCE,Oslo Børs,18.40,18.50,17.90,17.90,1533042,27562929
20161125,AVANCE,Oslo Børs,19.20,19.30,18.30,18.40,285044,5366316
20161124,AVANCE,Oslo Børs,18.00,19.40,17.80,19.00,727558,13773528
20161123,AVANCE,Oslo Børs,18.00,18.10,17.80,18.00,319648,5748569
20161122,AVANCE,Oslo Børs,18.20,18.30,17.90,18.00,246995,4450660
20161121,AVANCE,Oslo Børs,18.10,18.40,17.90,18.00,240744,4342218
20161118,AVANCE,Oslo Børs,18.00,18.50,17.70,18.00,453685,8159423
20161117,AVANCE,Oslo Børs,18.50,18.50,17.90,18.20,187784,3432317
20161116,AVANCE,Oslo Børs,18.30,18.40,17.70,18.30,567689,10367671
20161115,AVANCE,Oslo Børs,18.50,18.50,17.50,17.70,1113822,19854563
20161114,AVANCE,Oslo Børs,19.40,19.80,18.20,18.20,564226,10447961
20161111,AVANCE,Oslo Børs,19.00,19.80,18.90,19.70,1168839,22728714
20161110,AVANCE,Oslo Børs,18.10,19.80,18.10,18.90,475646,9078286
20161109,AVANCE,Oslo Børs,18.00,18.30,17.20,17.80,655075,11802671
20161108,AVANCE,Oslo Børs,18.50,19.00,18.40,18.40,302631,5636880
20161107,AVANCE,Oslo Børs,19.00,19.30,18.20,18.50,546810,10188671
20161104,AVANCE,Oslo Børs,19.50,19.50,18.40,18.80,246951,4664664
20161103,AVANCE,Oslo Børs,19.40,20.40,19.20,19.40,387515,7671739
20161102,AVANCE,Oslo Børs,20.10,20.30,19.20,19.80,504977,10013861
20161101,AVANCE,Oslo Børs,20.30,21.20,20.30,20.70,594791,12345271
20161031,AVANCE,Oslo Børs,21.80,22.10,20.00,20.20,728016,15092632
20161028,AVANCE,Oslo Børs,22.70,22.70,21.30,21.80,434960,9516354
20161027,AVANCE,Oslo Børs,19.40,23.00,19.10,22.80,1681669,36043831
20161026,AVANCE,Oslo Børs,20.70,21.00,19.40,19.50,636673,13128074
20161025,AVANCE,Oslo Børs,19.50,20.80,19.10,20.60,890591,17837778
20161024,AVANCE,Oslo Børs,19.40,20.00,18.70,19.50,845956,16521987
20161021,AVANCE,Oslo Børs,19.40,21.00,19.10,19.40,2680900,53989642
20161020,AVANCE,Oslo Børs,15.70,18.60,15.30,18.00,1368838,23276546
20161019,AVANCE,Oslo Børs,17.20,17.50,16.50,17.00,522881,8884260
20161018,AVANCE,Oslo Børs,18.20,18.70,17.10,17.20,685372,12112989
20161017,AVANCE,Oslo Børs,20.30,20.30,18.20,18.20,650646,12090875
20161014,AVANCE,Oslo Børs,20.30,20.70,19.90,20.30,195193,3952434
20161013,AVANCE,Oslo Børs,20.60,20.90,19.70,20.30,977487,19748030
20161012,AVANCE,Oslo Børs,22.80,22.80,20.70,20.70,423892,9052877
20161011,AVANCE,Oslo Børs,23.20,23.40,22.40,22.40,187598,4280791
20161010,AVANCE,Oslo Børs,23.80,23.80,22.00,23.20,310409,7101138
20161007,AVANCE,Oslo Børs,23.20,24.00,22.70,23.60,319380,7533575
20161006,AVANCE,Oslo Børs,22.00,24.00,22.00,23.80,1488433,34372890
20161005,AVANCE,Oslo Børs,21.50,22.10,21.10,21.70,200276,4360932
20161004,AVANCE,Oslo Børs,20.50,21.40,20.30,21.10,286994,6008463
20161003,AVANCE,Oslo Børs,19.50,21.00,19.50,20.10,144878,2915945
20160930,AVANCE,Oslo Børs,20.00,20.40,19.00,19.20,240989,4680081
20160929,AVANCE,Oslo Børs,18.80,21.60,18.50,20.00,275947,5403556
20160928,AVANCE,Oslo Børs,18.20,18.80,18.20,18.20,42545,782179
20160927,AVANCE,Oslo Børs,18.50,18.90,17.80,18.00,92531,1689162
20160926,AVANCE,Oslo Børs,18.70,19.20,18.40,18.60,98421,1841469
20160923,AVANCE,Oslo Børs,18.40,18.90,18.30,18.50,95914,1776317
20160922,AVANCE,Oslo Børs,18.00,18.30,17.60,18.30,119798,2150530
20160921,AVANCE,Oslo Børs,18.10,18.10,17.60,17.70,156752,2790315
20160920,AVANCE,Oslo Børs,17.20,18.00,17.00,17.90,302132,5304949
20160919,AVANCE,Oslo Børs,16.20,17.30,16.10,17.10,170472,2866014
20160916,AVANCE,Oslo Børs,16.20,16.80,15.50,16.10,317154,5137971
20160915,AVANCE,Oslo Børs,15.50,16.00,15.10,15.80,155707,2422823
20160914,AVANCE,Oslo Børs,15.30,16.00,15.10,15.20,195170,2989239
20160913,AVANCE,Oslo Børs,15.20,15.50,15.00,15.00,200706,3034865
20160912,AVANCE,Oslo Børs,15.70,15.70,15.10,15.40,160126,2471825
20160909,AVANCE,Oslo Børs,16.70,16.80,16.10,16.30,75270,1244860
20160908,AVANCE,Oslo Børs,17.40,17.40,16.10,16.50,131321,2183878
20160907,AVANCE,Oslo Børs,16.80,17.20,16.50,16.80,99067,1666646
20160906,AVANCE,Oslo Børs,17.10,17.50,16.80,16.80,98496,1680348
20160905,AVANCE,Oslo Børs,17.40,17.40,16.80,16.80,132345,2257804
20160902,AVANCE,Oslo Børs,16.40,17.40,16.40,16.80,200811,3379699
20160901,AVANCE,Oslo Børs,16.60,17.00,16.20,16.20,243820,4054660
20160831,AVANCE,Oslo Børs,15.70,16.90,15.30,16.80,330431,5450655
20160830,AVANCE,Oslo Børs,15.00,16.40,15.00,15.50,317523,4952352
20160829,AVANCE,Oslo Børs,16.40,16.40,15.00,15.00,172967,2656394
20160826,AVANCE,Oslo Børs,16.60,16.60,15.60,16.00,341989,5480780
20160825,AVANCE,Oslo Børs,17.00,17.70,16.00,16.30,280129,4597086
20160824,AVANCE,Oslo Børs,18.30,18.70,15.80,17.00,865318,15030079
20160823,AVANCE,Oslo Børs,19.50,19.50,18.10,18.30,266216,4917989
20160822,AVANCE,Oslo Børs,18.60,19.50,18.00,19.00,148074,2806142
20160819,AVANCE,Oslo Børs,19.00,19.30,18.60,18.60,178701,3368922
20160818,AVANCE,Oslo Børs,19.60,20.20,18.30,18.90,445885,8429257
20160817,AVANCE,Oslo Børs,22.10,22.30,19.50,19.50,387692,7957650
20160816,AVANCE,Oslo Børs,22.60,23.40,21.60,21.70,316217,7010152
20160815,AVANCE,Oslo Børs,23.50,23.60,22.60,22.60,130568,3020880
20160812,AVANCE,Oslo Børs,23.40,23.90,23.00,23.60,128624,3012781
20160811,AVANCE,Oslo Børs,24.10,24.70,22.40,22.90,296687,6898907
20160810,AVANCE,Oslo Børs,25.50,25.50,24.00,24.00,227475,5593896
20160809,AVANCE,Oslo Børs,25.20,25.50,24.90,24.90,91170,2291196
20160808,AVANCE,Oslo Børs,26.00,26.00,25.00,25.00,73650,1875498
20160805,AVANCE,Oslo Børs,25.50,25.80,25.00,25.30,117538,2982477
20160804,AVANCE,Oslo Børs,26.90,26.90,24.70,24.80,265599,6791750
20160803,AVANCE,Oslo Børs,27.20,27.20,25.80,26.20,224400,5955179
20160802,AVANCE,Oslo Børs,27.50,27.50,26.50,26.90,70367,1888057
20160801,AVANCE,Oslo Børs,27.20,27.70,26.70,27.50,149279,4094160
20160729,AVANCE,Oslo Børs,26.70,27.50,26.50,27.20,151524,4114247
20160728,AVANCE,Oslo Børs,26.00,27.20,25.60,26.60,124430,3259432
20160727,AVANCE,Oslo Børs,26.40,26.40,25.30,25.60,91898,2371357
20160726,AVANCE,Oslo Børs,26.00,26.00,25.10,25.80,71447,1831566
20160725,AVANCE,Oslo Børs,26.00,26.30,25.40,25.80,98613,2550995
20160722,AVANCE,Oslo Børs,26.80,26.80,25.80,26.00,240535,6306736
20160721,AVANCE,Oslo Børs,26.40,27.60,26.40,26.70,180274,4845879
20160720,AVANCE,Oslo Børs,28.00,28.00,26.10,26.40,207549,5529937
20160719,AVANCE,Oslo Børs,27.50,27.50,26.50,26.50,101867,2734484
20160718,AVANCE,Oslo Børs,26.20,29.00,25.90,27.00,252047,6805042
20160715,AVANCE,Oslo Børs,24.80,26.80,24.30,26.50,236923,6118366
20160714,AVANCE,Oslo Børs,24.50,24.70,24.20,24.60,78842,1926194
20160713,AVANCE,Oslo Børs,24.50,24.90,24.20,24.50,123237,3031987
20160712,AVANCE,Oslo Børs,24.40,24.50,24.00,24.10,84438,2044442
20160711,AVANCE,Oslo Børs,24.50,24.80,24.00,24.40,69714,1706093
20160708,AVANCE,Oslo Børs,24.80,24.90,24.00,24.00,94376,2287343
20160707,AVANCE,Oslo Børs,25.10,25.50,24.60,24.80,80709,2012147
20160706,AVANCE,Oslo Børs,25.00,25.40,24.50,25.10,105706,2630145
20160705,AVANCE,Oslo Børs,25.00,26.00,24.70,24.80,115264,2894994
20160704,AVANCE,Oslo Børs,25.40,25.40,24.70,24.80,160380,4012352
20160701,AVANCE,Oslo Børs,26.40,26.40,24.50,25.00,247071,6236024
20160630,AVANCE,Oslo Børs,26.10,26.40,25.00,26.10,492550,12702159
20160629,AVANCE,Oslo Børs,25.60,25.80,24.70,24.70,551526,13830324
20160628,AVANCE,Oslo Børs,24.40,25.00,23.50,24.70,290230,7060491
20160627,AVANCE,Oslo Børs,24.90,25.60,23.10,23.10,368227,8766961
20160624,AVANCE,Oslo Børs,24.90,25.50,23.50,25.00,445435,11064715
20160623,AVANCE,Oslo Børs,25.60,27.30,25.10,26.40,361481,9320652
20160622,AVANCE,Oslo Børs,25.60,26.50,25.20,25.20,311325,7974529
20160621,AVANCE,Oslo Børs,27.00,28.30,25.70,25.80,355527,9677272
20160620,AVANCE,Oslo Børs,28.40,29.10,27.00,27.30,329819,9159719
20160617,AVANCE,Oslo Børs,26.00,28.50,25.70,28.00,553965,14940128
20160616,AVANCE,Oslo Børs,27.10,27.10,25.00,25.49,717359,18527573
20160615,AVANCE,Oslo Børs,30.70,30.75,26.81,27.15,1066658,30186823
20160614,AVANCE,Oslo Børs,30.30,30.95,30.11,30.15,340735,10397912
20160613,AVANCE,Oslo Børs,34.31,34.49,30.30,30.30,624649,19733209
20160610,AVANCE,Oslo Børs,35.78,35.78,34.16,35.30,235853,8297987
20160609,AVANCE,Oslo Børs,39.34,39.34,35.78,35.78,447023,16452647
20160608,AVANCE,Oslo Børs,40.20,40.50,38.86,39.20,348188,13673848
20160607,AVANCE,Oslo Børs,39.90,41.31,39.90,40.20,248460,10067755
20160606,AVANCE,Oslo Børs,42.24,42.24,39.98,40.50,264969,10740621
20160603,AVANCE,Oslo Børs,44.10,44.58,42.55,42.56,141086,6141235
20160602,AVANCE,Oslo Børs,43.75,44.93,43.56,44.28,137996,6129283
20160601,AVANCE,Oslo Børs,45.00,45.34,43.25,43.38,162220,7180251
20160531,AVANCE,Oslo Børs,44.40,45.36,43.56,45.36,220457,9798181
20160530,AVANCE,Oslo Børs,44.10,44.68,43.07,44.34,129685,5731725
20160527,AVANCE,Oslo Børs,44.15,44.59,43.17,44.04,111732,4910077
20160526,AVANCE,Oslo Børs,44.15,44.90,43.56,44.10,118795,5278650
20160525,AVANCE,Oslo Børs,44.30,44.41,43.56,43.97,262540,11549037
20160524,AVANCE,Oslo Børs,44.99,45.40,43.42,44.28,198510,8805852
20160523,AVANCE,Oslo Børs,42.73,45.08,42.40,44.75,289666,12745278
20160520,AVANCE,Oslo Børs,44.66,45.00,41.75,42.20,322898,13860163
20160519,AVANCE,Oslo Børs,44.47,46.23,43.19,44.24,270314,12083849
20160518,AVANCE,Oslo Børs,44.96,44.96,43.00,44.54,273237,12042284
20160513,AVANCE,Oslo Børs,43.00,44.88,43.00,43.30,333698,14639100
20160512,AVANCE,Oslo Børs,41.11,45.85,41.11,42.92,501332,22013231
20160511,AVANCE,Oslo Børs,42.26,42.57,40.80,40.87,305389,12656822
20160510,AVANCE,Oslo Børs,45.83,45.89,41.51,42.01,384179,16461375
20160509,AVANCE,Oslo Børs,45.55,47.11,45.00,45.21,237655,10979429
20160506,AVANCE,Oslo Børs,47.56,47.73,45.30,45.92,262448,12229781
20160504,AVANCE,Oslo Børs,48.62,48.62,46.30,47.29,426447,20078226
20160503,AVANCE,Oslo Børs,51.50,51.50,47.40,47.48,529101,25785471
20160502,AVANCE,Oslo Børs,54.90,54.90,51.20,51.20,304383,15932025
20160429,AVANCE,Oslo Børs,58.65,58.70,54.90,54.90,487210,27587529
20160428,AVANCE,Oslo Børs,57.00,59.30,56.55,58.65,404071,23438341
20160427,AVANCE,Oslo Børs,59.00,60.00,56.50,56.50,557560,32072788
20160426,AVANCE,Oslo Børs,60.35,60.35,56.45,56.95,247636,14188613
20160425,AVANCE,Oslo Børs,59.70,60.60,58.50,59.25,267029,15750057
20160422,AVANCE,Oslo Børs,57.75,58.50,56.20,57.55,262562,15114352
20160421,AVANCE,Oslo Børs,60.00,60.00,57.50,57.50,141375,8250354
20160420,AVANCE,Oslo Børs,58.00,59.30,56.55,58.45,241773,14029578
20160419,AVANCE,Oslo Børs,60.40,61.00,57.25,58.00,339435,19895334
20160418,AVANCE,Oslo Børs,61.05,61.45,58.95,60.15,328720,19736190
20160415,AVANCE,Oslo Børs,61.50,62.90,61.00,61.00,430051,26626274
20160414,AVANCE,Oslo Børs,58.20,61.90,58.20,61.00,574606,34675253
20160413,AVANCE,Oslo Børs,57.70,59.40,57.30,57.80,351544,20517845
20160412,AVANCE,Oslo Børs,56.50,57.85,56.15,57.00,171334,9777360
20160411,AVANCE,Oslo Børs,56.60,56.90,54.25,56.50,175691,9843642
20160408,AVANCE,Oslo Børs,56.00,58.00,56.00,56.60,277597,15874334
20160407,AVANCE,Oslo Børs,55.60,57.45,55.50,55.75,211512,11880464
20160406,AVANCE,Oslo Børs,58.40,58.90,55.30,55.70,143565,8154244
20160405,AVANCE,Oslo Børs,56.50,59.50,56.30,58.30,232233,13481468
20160404,AVANCE,Oslo Børs,57.50,57.85,56.00,57.50,163470,9363806
20160401,AVANCE,Oslo Børs,57.50,58.50,56.15,58.05,278844,16053535
20160331,AVANCE,Oslo Børs,56.00,57.70,56.00,57.65,373057,21311671
20160330,AVANCE,Oslo Børs,61.80,61.80,55.50,55.60,811666,46371176
20160329,AVANCE,Oslo Børs,68.00,68.35,62.70,62.70,223311,14504156
20160323,AVANCE,Oslo Børs,67.00,68.50,66.40,68.50,74980,5069255
20160322,AVANCE,Oslo Børs,65.00,67.05,64.25,66.35,81589,5329388
20160321,AVANCE,Oslo Børs,69.00,69.00,65.00,65.40,130918,8754550
20160318,AVANCE,Oslo Børs,66.50,68.95,66.25,68.70,149465,10137933
20160317,AVANCE,Oslo Børs,68.50,69.75,65.50,66.00,204106,13842610
20160316,AVANCE,Oslo Børs,63.90,68.00,63.20,67.95,156691,10463995
20160315,AVANCE,Oslo Børs,63.00,63.00,60.90,62.80,163784,10113738
20160314,AVANCE,Oslo Børs,65.15,65.65,62.05,62.60,145950,9229304
20160311,AVANCE,Oslo Børs,65.00,66.30,64.80,64.85,139122,9091755
20160310,AVANCE,Oslo Børs,65.85,65.85,64.55,64.75,95561,6205028
20160309,AVANCE,Oslo Børs,65.00,65.30,64.10,64.90,112655,7305826
20160308,AVANCE,Oslo Børs,66.00,67.05,64.60,65.00,275551,18147499
20160307,AVANCE,Oslo Børs,70.00,70.10,65.20,65.65,200600,13426815
20160304,AVANCE,Oslo Børs,69.50,70.90,67.25,67.45,338032,23028750
20160303,AVANCE,Oslo Børs,65.60,69.35,63.00,69.35,290485,19331662
20160302,AVANCE,Oslo Børs,69.10,69.85,63.60,63.90,397503,25973799
20160301,AVANCE,Oslo Børs,70.00,70.00,67.80,68.25,146784,10077774
20160229,AVANCE,Oslo Børs,68.25,70.25,65.45,70.00,287363,19471683
20160226,AVANCE,Oslo Børs,71.10,71.10,67.65,68.65,153962,10557577
20160225,AVANCE,Oslo Børs,68.65,69.90,67.65,69.05,236113,16284982
20160224,AVANCE,Oslo Børs,69.40,69.40,67.10,67.30,188377,12792535
20160223,AVANCE,Oslo Børs,71.40,71.40,68.00,68.40,331697,23050816
20160222,AVANCE,Oslo Børs,73.00,73.85,71.00,71.20,162017,11681132
20160219,AVANCE,Oslo Børs,75.40,75.40,71.10,71.95,204780,14775656
20160218,AVANCE,Oslo Børs,75.90,77.65,73.00,73.85,322442,24420044
20160217,AVANCE,Oslo Børs,72.30,75.80,72.05,75.60,446766,33221708
20160216,AVANCE,Oslo Børs,76.80,79.00,71.25,71.50,362752,27144223
20160215,AVANCE,Oslo Børs,75.00,76.80,73.05,76.05,268929,20218521
20160212,AVANCE,Oslo Børs,73.25,74.00,73.00,73.80,264096,19402883
20160211,AVANCE,Oslo Børs,79.00,79.00,72.05,73.00,464924,34234006
20160210,AVANCE,Oslo Børs,81.50,82.95,79.25,81.50,526469,42779171
20160209,AVANCE,Oslo Børs,80.00,83.00,78.35,81.50,713075,58148409
20160208,AVANCE,Oslo Børs,97.05,97.45,89.45,89.45,357707,33257906
20160205,AVANCE,Oslo Børs,96.50,97.90,95.90,97.15,437189,42333549
20160204,AVANCE,Oslo Børs,98.10,99.00,94.60,96.80,308271,29814968
20160203,AVANCE,Oslo Børs,99.00,99.90,96.00,96.70,442871,43018389
20160202,AVANCE,Oslo Børs,104.40,105.30,97.05,97.35,465428,46427620
20160201,AVANCE,Oslo Børs,110.00,110.80,103.40,105.40,240683,25651883
20160129,AVANCE,Oslo Børs,109.70,109.90,107.10,109.90,109570,11931451
20160128,AVANCE,Oslo Børs,107.40,108.60,106.50,107.50,262718,28269905
20160127,AVANCE,Oslo Børs,107.70,107.90,106.40,107.40,167348,17932400
20160126,AVANCE,Oslo Børs,105.70,107.80,104.00,107.00,384374,41048516
20160125,AVANCE,Oslo Børs,106.60,106.60,103.90,106.10,294205,30977198
20160122,AVANCE,Oslo Børs,103.30,104.60,102.20,104.10,339059,35055296
20160121,AVANCE,Oslo Børs,97.65,99.95,96.40,99.40,256122,25221401
20160120,AVANCE,Oslo Børs,98.75,98.75,97.00,97.25,225757,22037802
20160119,AVANCE,Oslo Børs,99.50,101.50,98.60,100.60,220744,22113630
20160118,AVANCE,Oslo Børs,99.50,99.55,96.70,97.65,214058,20997806
20160115,AVANCE,Oslo Børs,101.00,102.10,97.60,99.90,301176,30001818
20160114,AVANCE,Oslo Børs,98.50,100.40,96.85,100.40,293547,28986809
20160113,AVANCE,Oslo Børs,100.60,102.00,99.60,99.75,226138,22732557
20160112,AVANCE,Oslo Børs,99.50,101.90,98.50,100.10,234670,23450934
20160111,AVANCE,Oslo Børs,100.50,102.20,98.10,99.60,234535,23477868
20160108,AVANCE,Oslo Børs,101.50,102.90,99.10,102.00,226264,22967532
20160107,AVANCE,Oslo Børs,103.00,103.00,97.05,99.25,569749,56455210
20160106,AVANCE,Oslo Børs,108.50,108.50,104.30,105.60,293246,31075610
20160105,AVANCE,Oslo Børs,113.00,113.50,107.60,108.40,346633,38100984
20160104,AVANCE,Oslo Børs,114.00,114.40,112.80,113.00,147565,16723035
20151230,AVANCE,Oslo Børs,113.00,114.50,112.00,114.00,186807,21175443
20151229,AVANCE,Oslo Børs,111.10,113.50,111.00,112.70,139567,15580543
20151228,AVANCE,Oslo Børs,113.50,114.90,111.00,111.10,76037,8512876
20151223,AVANCE,Oslo Børs,110.00,115.40,110.00,113.50,291236,32879181
20151222,AVANCE,Oslo Børs,110.40,110.50,108.50,109.60,220140,24121196
20151221,AVANCE,Oslo Børs,113.00,113.00,109.00,110.40,205736,22849596
20151218,AVANCE,Oslo Børs,114.00,114.50,111.50,113.00,221757,25069837
20151217,AVANCE,Oslo Børs,113.00,116.00,113.00,114.50,384450,44006344
20151216,AVANCE,Oslo Børs,110.50,111.00,109.50,111.00,128574,14181555
20151215,AVANCE,Oslo Børs,109.50,112.00,109.50,110.00,194910,21532278
20151214,AVANCE,Oslo Børs,113.50,114.00,107.50,108.50,325123,35854958
20151211,AVANCE,Oslo Børs,114.00,115.00,113.50,114.00,124229,14157788
20151210,AVANCE,Oslo Børs,115.00,116.50,114.00,115.00,179353,20588869
20151209,AVANCE,Oslo Børs,115.50,117.00,114.50,115.00,437443,50497168
20151208,AVANCE,Oslo Børs,118.00,118.50,113.00,115.50,228370,26456927
20151207,AVANCE,Oslo Børs,121.00,121.00,118.00,118.00,155867,18635644
20151204,AVANCE,Oslo Børs,120.00,121.50,117.50,117.50,275291,32813489
20151203,AVANCE,Oslo Børs,121.00,122.00,119.00,119.00,197637,23888954
20151202,AVANCE,Oslo Børs,119.00,120.50,118.50,120.50,262154,31417359
20151201,AVANCE,Oslo Børs,118.50,120.00,117.00,118.50,222188,26353564
20151130,AVANCE,Oslo Børs,113.50,118.00,113.00,118.00,279066,32347012
20151127,AVANCE,Oslo Børs,114.00,114.00,112.50,113.00,82117,9281566
20151126,AVANCE,Oslo Børs,114.00,114.50,112.00,112.50,154357,17502331
20151125,AVANCE,Oslo Børs,114.00,114.50,111.00,112.00,152975,17240068
20151124,AVANCE,Oslo Børs,111.50,113.50,110.50,113.50,151029,16945197
20151123,AVANCE,Oslo Børs,111.50,111.50,109.00,110.50,118037,12996433
20151120,AVANCE,Oslo Børs,110.00,111.50,108.50,110.50,191148,21086962
20151119,AVANCE,Oslo Børs,107.50,110.00,107.50,108.00,246153,26839115
20151118,AVANCE,Oslo Børs,106.50,107.50,105.50,107.00,118243,12610335
20151117,AVANCE,Oslo Børs,105.50,107.00,104.50,106.00,178071,18862172
20151116,AVANCE,Oslo Børs,105.00,106.50,103.00,104.00,235204,24592273
20151113,AVANCE,Oslo Børs,105.00,106.50,102.00,104.50,159722,16676363
20151112,AVANCE,Oslo Børs,107.00,107.00,104.00,104.50,188769,19872540
20151111,AVANCE,Oslo Børs,107.50,108.00,105.50,107.00,268215,28632797
20151110,AVANCE,Oslo Børs,109.00,109.50,105.00,106.00,592016,63056428
20151109,AVANCE,Oslo Børs,107.00,109.50,106.00,108.50,464570,50196721
20151106,AVANCE,Oslo Børs,128.50,130.00,124.50,124.50,472360,59833347
20151105,AVANCE,Oslo Børs,126.00,128.50,125.00,127.00,481565,60971405
20151104,AVANCE,Oslo Børs,120.50,125.00,120.50,124.00,365730,45009980
20151103,AVANCE,Oslo Børs,119.50,121.00,119.00,120.00,214029,25691228
20151102,AVANCE,Oslo Børs,116.00,119.00,116.00,119.00,175450,20639307
20151030,AVANCE,Oslo Børs,116.00,117.50,115.50,117.00,99435,11617696
20151029,AVANCE,Oslo Børs,117.00,117.00,115.00,115.50,78642,9093130
20151028,AVANCE,Oslo Børs,116.50,117.00,115.50,116.50,65250,7585408
20151027,AVANCE,Oslo Børs,117.00,117.00,115.50,116.50,373698,43366829
20151026,AVANCE,Oslo Børs,113.50,116.50,113.00,116.50,171132,19687351
20151023,AVANCE,Oslo Børs,114.00,114.50,113.00,113.00,124202,14141879
20151022,AVANCE,Oslo Børs,113.00,114.00,112.50,113.00,153506,17388368
20151021,AVANCE,Oslo Børs,112.50,113.00,111.00,112.50,82818,9303136
20151020,AVANCE,Oslo Børs,110.50,112.50,109.50,112.50,111466,12445418
20151019,AVANCE,Oslo Børs,111.50,112.00,109.00,110.50,76473,8439321
20151016,AVANCE,Oslo Børs,111.50,112.50,110.50,110.50,134704,14912385
20151015,AVANCE,Oslo Børs,112.00,112.00,110.50,111.50,80567,8958752
20151014,AVANCE,Oslo Børs,113.00,113.00,110.50,112.00,119057,13315213
20151013,AVANCE,Oslo Børs,113.00,113.50,110.50,113.50,98626,11094621
20151012,AVANCE,Oslo Børs,113.00,113.50,112.00,112.50,121282,13650170
20151009,AVANCE,Oslo Børs,112.50,114.00,112.00,112.50,397051,44857041
20151008,AVANCE,Oslo Børs,110.50,111.50,109.50,111.50,123447,13720124
20151007,AVANCE,Oslo Børs,109.50,111.50,109.50,110.00,138384,15272670
20151006,AVANCE,Oslo Børs,110.00,110.00,108.00,109.00,160883,17474199
20151005,AVANCE,Oslo Børs,109.50,109.50,107.00,109.00,314792,33915029
20151002,AVANCE,Oslo Børs,108.50,109.00,107.00,107.50,118736,12844388
20151001,AVANCE,Oslo Børs,109.50,109.50,106.50,107.50,94498,10185858
20150930,AVANCE,Oslo Børs,108.50,109.00,106.50,108.50,137031,14738331
20150929,AVANCE,Oslo Børs,106.50,108.00,104.50,108.00,124304,13272989
20150928,AVANCE,Oslo Børs,106.50,107.50,105.50,107.50,194124,20645467
20150925,AVANCE,Oslo Børs,108.00,109.00,106.50,107.00,77086,8276447
20150924,AVANCE,Oslo Børs,110.00,110.50,106.50,106.50,196213,21208294
20150923,AVANCE,Oslo Børs,111.00,112.00,110.00,110.00,91505,10158346
20150922,AVANCE,Oslo Børs,111.00,111.00,109.00,111.00,121202,13382129
20150921,AVANCE,Oslo Børs,110.00,111.00,109.00,109.50,158135,17395139
20150918,AVANCE,Oslo Børs,110.00,110.50,107.00,110.00,349830,38045848
20150917,AVANCE,Oslo Børs,109.00,110.50,108.50,110.00,140868,15402934
20150916,AVANCE,Oslo Børs,108.00,109.50,107.00,109.00,151545,16438008
20150915,AVANCE,Oslo Børs,106.50,108.00,105.50,107.50,144816,15445548
20150914,AVANCE,Oslo Børs,109.00,109.00,105.00,106.50,215507,22986898
20150911,AVANCE,Oslo Børs,109.00,109.50,107.00,108.50,209667,22721761
20150910,AVANCE,Oslo Børs,111.00,111.00,107.50,107.50,228899,24893691
20150909,AVANCE,Oslo Børs,113.00,113.00,111.50,111.50,277156,31052565
20150908,AVANCE,Oslo Børs,111.50,112.00,110.00,111.50,108145,12028305
20150907,AVANCE,Oslo Børs,111.00,112.00,110.00,111.50,192920,21388813
20150904,AVANCE,Oslo Børs,111.50,112.50,110.50,111.00,121047,13495624
20150903,AVANCE,Oslo Børs,112.50,113.50,111.50,112.50,233661,26304809
20150902,AVANCE,Oslo Børs,109.50,111.50,109.00,110.50,290138,31994867
20150901,AVANCE,Oslo Børs,115.00,115.00,107.50,109.00,551540,60736635
20150831,AVANCE,Oslo Børs,114.50,115.50,113.50,114.00,321316,36786799
20150828,AVANCE,Oslo Børs,121.00,125.00,121.00,125.00,351078,43268116
20150827,AVANCE,Oslo Børs,123.00,124.50,117.50,120.00,796907,95902735
20150826,AVANCE,Oslo Børs,108.50,117.00,106.50,115.50,571020,64454893
20150825,AVANCE,Oslo Børs,107.00,111.00,105.00,109.50,628401,68545620
20150824,AVANCE,Oslo Børs,111.50,112.00,105.50,107.00,593071,64013641
20150821,AVANCE,Oslo Børs,117.50,119.00,116.00,117.00,472454,55303971
20150820,AVANCE,Oslo Børs,122.00,122.50,116.00,119.50,278820,33353530
20150819,AVANCE,Oslo Børs,126.50,126.50,122.50,123.00,209269,25877984
20150818,AVANCE,Oslo Børs,124.50,128.00,124.50,125.00,150396,18865746
20150817,AVANCE,Oslo Børs,127.50,127.50,124.00,124.00,169676,21254789
20150814,AVANCE,Oslo Børs,128.00,128.00,124.50,125.50,114862,14522646
20150813,AVANCE,Oslo Børs,128.50,131.00,127.00,127.50,184996,23845074
20150812,AVANCE,Oslo Børs,126.50,129.50,126.50,127.50,144017,18422130
20150811,AVANCE,Oslo Børs,128.50,132.50,127.00,128.00,232093,29956176
20150810,AVANCE,Oslo Børs,129.00,133.00,124.50,129.00,241224,30780871
20150807,AVANCE,Oslo Børs,131.00,133.00,130.00,130.00,164745,21657024
20150806,AVANCE,Oslo Børs,140.00,140.00,129.00,130.00,451285,60394002
20150805,AVANCE,Oslo Børs,136.00,141.00,134.50,139.00,271241,37258766
20150804,AVANCE,Oslo Børs,135.00,135.50,134.00,135.50,176785,23838852
20150803,AVANCE,Oslo Børs,136.00,137.50,134.50,134.50,210611,28581706
20150731,AVANCE,Oslo Børs,139.00,139.00,135.00,136.50,136746,18692236
20150730,AVANCE,Oslo Børs,138.00,139.50,138.00,138.00,124966,17347711
20150729,AVANCE,Oslo Børs,138.50,140.00,137.00,137.50,106983,14778142
20150728,AVANCE,Oslo Børs,139.50,141.00,138.00,138.00,193915,26952224
20150727,AVANCE,Oslo Børs,142.50,142.50,137.00,139.50,203429,28436976
20150724,AVANCE,Oslo Børs,144.00,145.00,142.50,143.00,146730,21137571
20150723,AVANCE,Oslo Børs,144.00,144.50,142.50,144.00,109804,15786395
20150722,AVANCE,Oslo Børs,146.00,146.00,143.50,144.00,196966,28564010
20150721,AVANCE,Oslo Børs,145.50,146.50,141.50,146.00,274299,39607893
20150720,AVANCE,Oslo Børs,141.50,146.00,141.00,144.50,409105,59139099
20150717,AVANCE,Oslo Børs,142.00,142.50,140.00,141.00,85176,12025398
20150716,AVANCE,Oslo Børs,142.00,142.50,141.00,141.50,179837,25499147
20150715,AVANCE,Oslo Børs,141.50,142.00,140.50,141.00,241791,34138841
20150714,AVANCE,Oslo Børs,141.50,142.50,139.50,141.00,334369,47042630
20150713,AVANCE,Oslo Børs,139.00,141.00,138.00,140.00,189813,26487535
20150710,AVANCE,Oslo Børs,138.00,141.50,138.00,139.50,311598,43528130
20150709,AVANCE,Oslo Børs,133.50,137.00,133.50,136.00,254607,34480655
20150708,AVANCE,Oslo Børs,138.50,138.50,133.00,133.00,404187,54323825
20150707,AVANCE,Oslo Børs,141.50,141.50,138.00,139.00,288048,40247997
20150706,AVANCE,Oslo Børs,142.50,142.50,141.00,141.50,187764,26629957
20150703,AVANCE,Oslo Børs,145.00,145.00,142.00,144.00,128293,18408945
20150702,AVANCE,Oslo Børs,147.00,148.50,144.50,145.00,273430,40051373
20150701,AVANCE,Oslo Børs,141.50,146.00,139.00,146.00,407370,58763162
20150630,AVANCE,Oslo Børs,137.50,141.50,137.50,141.50,406316,56688920
20150629,AVANCE,Oslo Børs,133.00,139.50,132.00,137.00,445660,60307983
20150626,AVANCE,Oslo Børs,130.00,136.00,130.00,136.00,755529,101644622
20150625,AVANCE,Oslo Børs,130.00,130.50,129.00,130.00,302701,39330854
20150624,AVANCE,Oslo Børs,129.00,131.00,128.00,130.00,423865,55156591
20150623,AVANCE,Oslo Børs,126.50,129.00,126.00,129.00,630265,80664105
20150622,AVANCE,Oslo Børs,122.00,126.00,122.00,125.50,440376,54878032
20150619,AVANCE,Oslo Børs,122.00,122.00,121.00,121.00,173382,21037712
20150618,AVANCE,Oslo Børs,121.50,122.50,120.50,121.00,285708,34542262
20150617,AVANCE,Oslo Børs,122.00,122.00,120.00,121.50,285353,34582432
20150616,AVANCE,Oslo Børs,118.50,122.00,117.50,121.50,446214,53381875
20150615,AVANCE,Oslo Børs,118.00,118.50,117.00,118.00,189182,22242540
20150612,AVANCE,Oslo Børs,117.50,118.50,117.00,118.00,234485,27656898
20150611,AVANCE,Oslo Børs,118.50,118.50,117.50,117.50,202136,23834563
20150610,AVANCE,Oslo Børs,116.50,118.50,116.50,118.00,122690,14466259
20150609,AVANCE,Oslo Børs,117.50,119.00,116.50,117.00,292799,34366280
20150608,AVANCE,Oslo Børs,117.00,118.50,116.50,118.50,170803,20103460
20150605,AVANCE,Oslo Børs,117.00,118.00,116.00,117.00,352887,41236229
20150604,AVANCE,Oslo Børs,118.00,118.00,116.00,118.00,170918,20005458
20150603,AVANCE,Oslo Børs,118.00,119.00,118.00,118.50,162100,19214327
20150602,AVANCE,Oslo Børs,117.50,118.50,116.50,118.50,188322,22187220
20150601,AVANCE,Oslo Børs,118.50,118.50,116.50,117.50,167896,19677881
20150529,AVANCE,Oslo Børs,117.50,119.00,116.00,117.50,571348,67221012
20150528,AVANCE,Oslo Børs,117.00,118.00,115.50,117.50,439265,51447495
20150527,AVANCE,Oslo Børs,118.00,118.00,116.00,116.50,578717,67703617
20150526,AVANCE,Oslo Børs,122.00,123.00,121.00,121.50,456748,55756653
20150522,AVANCE,Oslo Børs,123.50,125.00,121.00,122.50,6617172,808424980
20150521,AVANCE,Oslo Børs,125.00,128.00,125.00,127.50,431267,54474226
20150520,AVANCE,Oslo Børs,124.00,126.00,123.00,125.00,392559,48937530
20150519,AVANCE,Oslo Børs,123.00,124.50,122.00,123.00,378965,46670823
20150518,AVANCE,Oslo Børs,119.00,121.50,118.50,120.00,172945,20816760
20150515,AVANCE,Oslo Børs,120.00,121.50,118.50,119.50,151315,18190278
20150513,AVANCE,Oslo Børs,117.00,120.50,117.00,120.00,380623,45411701
20150512,AVANCE,Oslo Børs,118.00,118.00,116.00,117.00,186586,21839410
20150511,AVANCE,Oslo Børs,117.00,118.50,117.00,117.50,110896,13089956
20150508,AVANCE,Oslo Børs,118.50,119.50,117.00,117.00,160337,18889571
20150507,AVANCE,Oslo Børs,118.50,119.00,117.00,119.00,133613,15801803
20150506,AVANCE,Oslo Børs,120.50,121.00,118.50,119.00,202818,24262607
20150505,AVANCE,Oslo Børs,120.50,121.00,119.50,121.00,128433,15482694
20150504,AVANCE,Oslo Børs,121.00,122.00,119.00,120.00,350028,42252367
20150430,AVANCE,Oslo Børs,119.50,121.00,118.50,119.00,135074,16143235
20150429,AVANCE,Oslo Børs,121.00,121.50,118.00,118.00,183938,22010934
20150428,AVANCE,Oslo Børs,121.00,122.50,119.50,120.50,325654,39564633
20150427,AVANCE,Oslo Børs,122.00,122.00,119.50,120.00,479725,58091725
20150424,AVANCE,Oslo Børs,119.00,121.00,118.50,120.50,330635,39623879
20150423,AVANCE,Oslo Børs,117.00,119.00,116.00,118.50,294199,34577339
20150422,AVANCE,Oslo Børs,117.50,118.00,116.50,117.00,276217,32395526
20150421,AVANCE,Oslo Børs,119.00,119.00,116.50,117.50,344858,40375831
20150420,AVANCE,Oslo Børs,117.00,119.00,117.00,118.50,153003,18055983
20150417,AVANCE,Oslo Børs,116.50,119.00,115.50,117.50,388777,45498555
20150416,AVANCE,Oslo Børs,116.50,117.00,114.00,115.50,357103,41329916
20150415,AVANCE,Oslo Børs,112.50,117.00,112.00,116.00,472505,54275053
20150414,AVANCE,Oslo Børs,113.50,113.50,111.50,112.00,230452,25908604
20150413,AVANCE,Oslo Børs,114.50,115.00,111.50,112.50,217257,24555229
20150410,AVANCE,Oslo Børs,113.50,115.00,112.50,114.00,400204,45551076
20150409,AVANCE,Oslo Børs,110.50,113.50,110.00,113.00,349278,39257273
20150408,AVANCE,Oslo Børs,110.50,111.00,109.50,110.50,198665,21930158
20150407,AVANCE,Oslo Børs,111.00,112.50,108.00,110.00,237554,26196377
20150401,AVANCE,Oslo Børs,110.50,112.00,109.00,110.00,139085,15285089
20150331,AVANCE,Oslo Børs,111.50,113.00,110.50,111.00,166888,18604104
20150330,AVANCE,Oslo Børs,112.00,113.00,110.50,111.50,253306,28270385
20150327,AVANCE,Oslo Børs,110.50,113.50,109.50,113.00,686729,76575600
20150326,AVANCE,Oslo Børs,115.00,115.00,110.00,110.50,1396581,156170977
20150325,AVANCE,Oslo Børs,121.00,121.00,116.00,116.50,457476,54099092
20150324,AVANCE,Oslo Børs,122.00,122.00,119.00,120.00,328804,39661427
20150323,AVANCE,Oslo Børs,120.00,121.50,119.00,120.50,297406,35822457
20150320,AVANCE,Oslo Børs,119.00,119.50,117.50,119.00,226680,26894129
20150319,AVANCE,Oslo Børs,120.00,121.00,119.00,119.00,192704,23142613
20150318,AVANCE,Oslo Børs,119.00,121.00,119.00,119.50,94558,11344726
20150317,AVANCE,Oslo Børs,121.50,121.50,118.00,119.00,308471,36705763
20150316,AVANCE,Oslo Børs,123.50,123.50,118.00,119.50,416819,50707550
20150313,AVANCE,Oslo Børs,118.00,120.50,117.50,120.00,415289,49458465
20150312,AVANCE,Oslo Børs,116.00,118.50,115.00,117.50,485107,56862621
20150311,AVANCE,Oslo Børs,114.00,116.00,112.50,116.00,464458,53017255
20150310,AVANCE,Oslo Børs,115.00,115.00,111.00,113.00,240949,27129389
20150309,AVANCE,Oslo Børs,115.50,115.50,113.50,114.50,236751,27123514
20150306,AVANCE,Oslo Børs,114.00,116.00,113.00,115.00,307415,35319493
20150305,AVANCE,Oslo Børs,113.50,114.00,112.00,114.00,264576,30029807
20150304,AVANCE,Oslo Børs,118.00,118.00,113.50,113.50,292004,33641530
20150303,AVANCE,Oslo Børs,123.50,125.00,121.50,124.50,347291,42772064
20150302,AVANCE,Oslo Børs,126.00,126.00,121.00,122.50,259889,32116671
20150227,AVANCE,Oslo Børs,127.50,129.50,124.50,126.00,257234,32504632
20150226,AVANCE,Oslo Børs,127.50,128.00,123.00,127.50,451652,56720188
20150225,AVANCE,Oslo Børs,127.00,129.00,126.00,128.50,277755,35530534
20150224,AVANCE,Oslo Børs,126.50,126.50,124.00,126.00,135391,16969580
20150223,AVANCE,Oslo Børs,125.00,127.00,125.00,125.50,512766,64599030
20150220,AVANCE,Oslo Børs,123.00,125.00,123.00,124.50,132328,16469913
20150219,AVANCE,Oslo Børs,122.50,125.00,122.50,123.00,626359,77564419
20150218,AVANCE,Oslo Børs,120.00,123.00,119.00,122.00,282959,34107965
20150217,AVANCE,Oslo Børs,118.50,120.50,118.00,119.00,195393,23290003
20150216,AVANCE,Oslo Børs,120.00,121.00,118.00,118.50,130801,15605267
20150213,AVANCE,Oslo Børs,118.50,120.00,118.00,119.50,821723,98319067
20150212,AVANCE,Oslo Børs,114.00,118.00,114.00,118.00,650628,75971501
20150211,AVANCE,Oslo Børs,114.00,115.50,112.00,113.50,256838,29218551
20150210,AVANCE,Oslo Børs,114.50,114.50,112.50,113.00,149603,16970728
20150209,AVANCE,Oslo Børs,113.50,115.00,111.50,114.00,185424,21020741
20150206,AVANCE,Oslo Børs,114.00,116.00,112.00,113.50,559870,64360878
20150205,AVANCE,Oslo Børs,109.50,115.00,109.50,114.00,535689,60753475
20150204,AVANCE,Oslo Børs,111.50,112.00,108.00,111.00,360619,39614519
20150203,AVANCE,Oslo Børs,108.00,111.00,107.50,111.00,802332,88104266
20150202,AVANCE,Oslo Børs,100.00,107.50,100.00,106.00,560041,58609479
20150130,AVANCE,Oslo Børs,97.00,99.50,96.25,99.25,337658,33198742
20150129,AVANCE,Oslo Børs,93.50,96.50,93.25,96.50,492816,46693991
20150128,AVANCE,Oslo Børs,94.50,95.50,93.00,94.50,352049,33244032
20150127,AVANCE,Oslo Børs,96.25,98.50,93.50,94.00,238834,22881407
20150126,AVANCE,Oslo Børs,102.00,102.00,93.25,96.25,788022,77551074
20150123,AVANCE,Oslo Børs,104.50,106.50,104.00,105.50,349400,36726780
20150122,AVANCE,Oslo Børs,104.50,104.50,103.50,104.00,294303,30576485
20150121,AVANCE,Oslo Børs,107.00,108.00,103.50,104.00,398589,41820387
20150120,AVANCE,Oslo Børs,108.00,108.50,105.50,106.00,429977,46203105
20150119,AVANCE,Oslo Børs,105.00,108.00,104.50,108.00,466708,49811246
20150116,AVANCE,Oslo Børs,102.00,105.00,102.00,103.50,389746,40517112
20150115,AVANCE,Oslo Børs,101.50,103.00,101.50,103.00,539320,55328835
20150114,AVANCE,Oslo Børs,100.50,102.00,100.00,101.00,229424,23243780
20150113,AVANCE,Oslo Børs,101.50,103.50,101.00,102.50,353993,36354660
20150112,AVANCE,Oslo Børs,105.00,105.00,100.50,102.50,219527,22698576
20150109,AVANCE,Oslo Børs,106.00,106.00,104.50,104.50,220420,23234352
20150108,AVANCE,Oslo Børs,107.00,107.00,103.00,104.00,260297,27256551
20150107,AVANCE,Oslo Børs,106.50,106.50,104.00,105.00,239180,25260536
20150106,AVANCE,Oslo Børs,106.00,107.00,104.50,105.50,181470,19085190
20150105,AVANCE,Oslo Børs,107.50,109.00,106.00,106.50,133098,14241577
20150102,AVANCE,Oslo Børs,105.50,107.50,104.50,107.00,281805,29958564
20141230,AVANCE,Oslo Børs,102.50,103.00,101.50,102.00,101392,10405884
20141229,AVANCE,Oslo Børs,100.50,103.00,100.50,103.00,69130,7083610
20141223,AVANCE,Oslo Børs,103.00,104.50,103.00,103.50,133791,13882879
20141222,AVANCE,Oslo Børs,104.50,104.50,102.50,104.00,128638,13351690
20141219,AVANCE,Oslo Børs,104.00,104.00,101.00,103.00,142386,14546525
20141218,AVANCE,Oslo Børs,100.00,104.00,100.00,103.00,243627,24950851
20141217,AVANCE,Oslo Børs,98.00,99.75,97.00,99.75,166381,16376055
20141216,AVANCE,Oslo Børs,96.50,98.00,96.00,97.00,197923,19219609
20141215,AVANCE,Oslo Børs,96.25,99.75,95.25,96.50,99609,9667752
20141212,AVANCE,Oslo Børs,95.50,98.50,95.00,98.50,291658,28378985
20141211,AVANCE,Oslo Børs,96.50,96.50,93.00,94.75,254946,24193279
20141210,AVANCE,Oslo Børs,91.50,97.75,91.50,97.25,240462,23152880
20141209,AVANCE,Oslo Børs,95.50,95.50,90.00,91.75,381037,35092809
20141208,AVANCE,Oslo Børs,101.50,102.50,97.25,98.00,123916,12290850
20141205,AVANCE,Oslo Børs,104.50,104.50,98.25,101.00,175804,17798066
20141204,AVANCE,Oslo Børs,106.00,106.00,104.00,104.50,174775,18304892
20141203,AVANCE,Oslo Børs,103.00,106.50,103.00,106.00,150888,15889334
20141202,AVANCE,Oslo Børs,107.00,108.50,103.00,104.00,614471,65069966
20141201,AVANCE,Oslo Børs,110.00,110.50,106.00,107.00,340421,36644221
20141128,AVANCE,Oslo Børs,116.50,116.50,110.00,111.50,628881,70518487
20141127,AVANCE,Oslo Børs,120.00,120.00,118.50,118.50,144836,17228933
20141126,AVANCE,Oslo Børs,121.50,122.50,120.50,121.00,65263,7911330
20141125,AVANCE,Oslo Børs,123.00,123.50,121.50,122.00,349799,42751628
20141124,AVANCE,Oslo Børs,122.00,123.00,121.00,123.00,1080047,132656816
20141121,AVANCE,Oslo Børs,122.00,123.00,120.50,123.00,886274,107378681
20141120,AVANCE,Oslo Børs,120.00,122.00,118.50,121.50,222176,26672013
20141119,AVANCE,Oslo Børs,120.00,122.50,119.50,121.50,514974,62217905
20141118,AVANCE,Oslo Børs,119.00,121.00,118.50,120.00,400455,48097833
20141117,AVANCE,Oslo Børs,118.00,120.00,118.00,119.50,106562,12723490
20141114,AVANCE,Oslo Børs,119.00,119.00,117.00,118.00,142151,16746515
20141113,AVANCE,Oslo Børs,120.50,120.50,117.50,118.50,113540,13473575
20141112,AVANCE,Oslo Børs,120.00,121.50,119.00,120.50,2772564,332719673
20141111,AVANCE,Oslo Børs,119.00,120.00,116.50,118.50,167634,19868016
20141110,AVANCE,Oslo Børs,119.00,121.00,117.00,118.50,215373,25674713
20141107,AVANCE,Oslo Børs,117.00,120.00,117.00,117.50,409078,48279673
20141106,AVANCE,Oslo Børs,114.50,117.50,114.50,116.00,158530,18413622
20141105,AVANCE,Oslo Børs,116.00,116.50,113.00,114.50,198064,22901921
20141104,AVANCE,Oslo Børs,116.50,117.00,115.00,116.00,201532,23479953
20141103,AVANCE,Oslo Børs,117.00,118.00,116.00,116.00,211396,24765811
20141031,AVANCE,Oslo Børs,117.50,118.00,115.00,116.50,335902,39082989
20141030,AVANCE,Oslo Børs,121.00,121.00,115.00,116.50,794920,93024342
20141029,AVANCE,Oslo Børs,126.00,126.00,121.50,121.50,213531,26310247
20141028,AVANCE,Oslo Børs,123.50,125.00,123.00,124.00,218344,27069981
20141027,AVANCE,Oslo Børs,128.00,128.00,121.00,123.50,216462,26906699
20141024,AVANCE,Oslo Børs,124.50,127.00,124.00,127.00,109492,13771995
20141023,AVANCE,Oslo Børs,126.50,126.50,124.00,125.00,138632,17338029
20141022,AVANCE,Oslo Børs,129.00,129.00,126.50,127.50,106545,13650592
20141021,AVANCE,Oslo Børs,126.50,129.50,125.50,129.00,232563,29604380
20141020,AVANCE,Oslo Børs,127.00,127.50,123.00,125.50,177593,22283115
20141017,AVANCE,Oslo Børs,118.00,126.00,117.00,126.00,447671,54267693
20141016,AVANCE,Oslo Børs,123.50,126.50,119.50,121.50,339455,41750924
20141015,AVANCE,Oslo Børs,127.00,129.00,121.00,124.00,176841,22224043
20141014,AVANCE,Oslo Børs,128.00,131.00,126.50,126.50,245653,31526650
20141013,AVANCE,Oslo Børs,123.00,130.50,122.50,128.50,271806,34776386
20141010,AVANCE,Oslo Børs,124.00,129.50,119.00,124.00,881017,109371608
20141009,AVANCE,Oslo Børs,134.00,136.00,128.00,128.00,345586,45315946
20141008,AVANCE,Oslo Børs,130.00,135.00,127.50,134.00,283644,37808410
20141007,AVANCE,Oslo Børs,143.00,143.50,130.00,130.50,425489,57226230
20141006,AVANCE,Oslo Børs,143.00,143.00,140.50,142.50,75895,10792291
20141003,AVANCE,Oslo Børs,141.50,143.00,140.00,141.00,155660,21997448
20141002,AVANCE,Oslo Børs,142.50,143.50,139.50,141.00,229205,32343354
20141001,AVANCE,Oslo Børs,147.00,149.00,142.50,142.50,184801,26970271
20140930,AVANCE,Oslo Børs,146.00,147.50,145.00,147.00,317285,46564035
20140929,AVANCE,Oslo Børs,143.50,146.00,143.00,144.50,150058,21653076
20140926,AVANCE,Oslo Børs,145.50,151.50,142.50,143.50,253086,36712326
20140925,AVANCE,Oslo Børs,146.00,148.00,145.50,147.00,149115,21865133
20140924,AVANCE,Oslo Børs,145.00,146.00,144.50,145.00,150292,21818821
20140923,AVANCE,Oslo Børs,150.50,150.50,144.50,145.50,146727,21420956
20140922,AVANCE,Oslo Børs,150.50,152.00,148.50,149.00,119177,17842708
20140919,AVANCE,Oslo Børs,150.00,152.00,147.50,150.00,193166,28929116
20140918,AVANCE,Oslo Børs,149.00,150.50,148.50,149.00,767286,115011008
20140917,AVANCE,Oslo Børs,143.00,148.50,143.00,147.50,362638,53356802
20140916,AVANCE,Oslo Børs,146.00,146.00,142.50,143.00,95894,13775595
20140915,AVANCE,Oslo Børs,145.00,146.00,143.50,145.50,236081,34209657
20140912,AVANCE,Oslo Børs,142.00,144.50,142.00,144.50,387847,55700891
20140911,AVANCE,Oslo Børs,142.50,143.00,140.00,141.00,144242,20395105
20140910,AVANCE,Oslo Børs,137.00,141.00,137.00,141.00,196248,27421170
20140909,AVANCE,Oslo Børs,137.00,139.50,136.50,137.00,94031,12930339
20140908,AVANCE,Oslo Børs,136.00,138.00,135.00,137.00,104753,14304815
20140905,AVANCE,Oslo Børs,134.50,135.50,133.50,134.50,89924,12101989
20140904,AVANCE,Oslo Børs,134.00,135.50,133.00,135.50,273175,36887581
20140903,AVANCE,Oslo Børs,138.00,138.00,133.00,134.00,299025,40398903
20140902,AVANCE,Oslo Børs,138.00,138.50,137.50,137.50,79889,11023361
20140901,AVANCE,Oslo Børs,138.50,139.00,137.50,138.00,111217,15369580
20140829,AVANCE,Oslo Børs,139.50,140.00,137.00,137.50,277205,38317744
20140828,AVANCE,Oslo Børs,139.50,141.00,138.00,138.00,402259,55704323
20140827,AVANCE,Oslo Børs,142.50,142.50,138.50,139.00,38790,5428623
20140826,AVANCE,Oslo Børs,138.50,142.00,136.50,142.00,186811,26099466
20140825,AVANCE,Oslo Børs,138.00,139.00,137.00,138.00,39463,5457851
20140822,AVANCE,Oslo Børs,137.50,139.00,136.50,136.50,117474,16172380
20140821,AVANCE,Oslo Børs,139.00,139.50,137.00,137.00,74384,10290621
20140820,AVANCE,Oslo Børs,140.00,140.00,137.00,138.50,140746,19558360
20140819,AVANCE,Oslo Børs,143.00,143.50,138.00,139.00,188242,26501116
20140818,AVANCE,Oslo Børs,145.00,145.50,141.50,142.00,132419,19017237
20140815,AVANCE,Oslo Børs,144.50,145.00,144.00,145.00,90741,13117592
20140814,AVANCE,Oslo Børs,145.00,145.00,142.00,144.00,69057,9930663
20140813,AVANCE,Oslo Børs,143.00,145.00,142.50,144.00,143449,20633292
20140812,AVANCE,Oslo Børs,143.50,144.00,142.00,142.50,90300,12884935
20140811,AVANCE,Oslo Børs,139.50,145.00,139.50,143.50,274005,39078433
20140808,AVANCE,Oslo Børs,138.00,140.00,135.50,139.00,181973,24945518
20140807,AVANCE,Oslo Børs,137.50,142.00,137.50,141.50,263110,36626913
20140806,AVANCE,Oslo Børs,142.00,142.00,136.00,139.00,264612,36610382
20140805,AVANCE,Oslo Børs,141.50,146.00,141.00,142.00,133668,19152683
20140804,AVANCE,Oslo Børs,137.50,142.50,137.50,141.00,58785,8260402
20140801,AVANCE,Oslo Børs,140.50,140.50,135.00,138.50,95087,13167107
20140731,AVANCE,Oslo Børs,145.50,146.00,141.00,142.00,46245,6601828
20140730,AVANCE,Oslo Børs,145.00,145.00,143.00,144.00,72857,10491610
20140729,AVANCE,Oslo Børs,146.00,146.00,144.00,144.00,137572,19859584
20140728,AVANCE,Oslo Børs,146.50,146.50,144.00,144.50,79323,11492275
20140725,AVANCE,Oslo Børs,144.00,145.00,142.00,143.50,50266,7214282
20140724,AVANCE,Oslo Børs,145.00,146.00,143.50,144.00,36115,5236196
20140723,AVANCE,Oslo Børs,145.50,146.00,144.00,144.50,83675,12129497
20140722,AVANCE,Oslo Børs,144.00,145.50,144.00,145.50,70363,10172455
20140721,AVANCE,Oslo Børs,144.50,145.50,142.00,144.50,117519,16926414
20140718,AVANCE,Oslo Børs,145.00,145.50,143.00,144.00,88233,12757339
20140717,AVANCE,Oslo Børs,147.50,148.00,145.00,145.00,120661,17644667
20140716,AVANCE,Oslo Børs,148.00,148.00,146.50,147.00,128583,18906369
20140715,AVANCE,Oslo Børs,147.00,148.00,146.50,147.00,92780,13682921
20140714,AVANCE,Oslo Børs,149.50,149.50,146.50,147.00,43152,6385945
20140711,AVANCE,Oslo Børs,146.50,150.00,145.50,147.50,57793,8517602
20140710,AVANCE,Oslo Børs,150.00,150.00,143.50,145.50,158624,23092826
20140709,AVANCE,Oslo Børs,151.00,153.50,146.00,149.50,118089,17605613
20140708,AVANCE,Oslo Børs,157.00,157.00,152.00,152.50,42373,6509719
20140707,AVANCE,Oslo Børs,156.00,157.00,155.50,155.50,54879,8585770
20140704,AVANCE,Oslo Børs,154.50,157.50,153.00,155.00,50454,7821031
20140703,AVANCE,Oslo Børs,155.00,157.00,155.00,155.50,25179,3930071
20140702,AVANCE,Oslo Børs,158.00,158.00,154.00,155.00,129705,20209561
20140701,AVANCE,Oslo Børs,158.00,160.00,157.00,157.00,280725,44583082
20140630,AVANCE,Oslo Børs,152.00,159.00,151.50,157.00,355869,55426761
20140627,AVANCE,Oslo Børs,152.00,154.00,151.00,151.00,217087,33069724
20140626,AVANCE,Oslo Børs,146.50,153.00,146.00,149.00,297396,44501049
20140625,AVANCE,Oslo Børs,151.50,151.50,145.00,146.00,270564,39945382
20140624,AVANCE,Oslo Børs,150.00,151.00,148.00,149.00,276748,41396009
20140623,AVANCE,Oslo Børs,147.50,149.50,144.00,146.50,332582,49115075
20140620,AVANCE,Oslo Børs,140.00,148.00,140.00,145.50,341874,49070097
20140619,AVANCE,Oslo Børs,136.00,140.00,134.50,140.00,254904,34823326
20140618,AVANCE,Oslo Børs,133.50,134.50,132.50,134.00,77209,10310364
20140617,AVANCE,Oslo Børs,132.00,134.50,130.00,132.50,145006,19096013
20140616,AVANCE,Oslo Børs,136.00,136.50,131.50,131.50,51439,6914480
20140613,AVANCE,Oslo Børs,136.50,137.00,134.00,135.50,103720,14111923
20140612,AVANCE,Oslo Børs,136.00,136.00,135.00,135.50,235605,31929985
20140611,AVANCE,Oslo Børs,135.00,135.50,134.00,135.00,107025,14390088
20140610,AVANCE,Oslo Børs,135.00,136.00,134.00,134.00,136353,18306488
20140606,AVANCE,Oslo Børs,132.50,134.50,132.00,133.50,400403,53490540
20140605,AVANCE,Oslo Børs,129.00,131.00,129.00,130.50,286322,37276575
20140604,AVANCE,Oslo Børs,130.00,130.00,128.00,128.50,264496,34092785
20140603,AVANCE,Oslo Børs,132.00,132.00,129.00,129.00,154645,20131408
20140602,AVANCE,Oslo Børs,132.00,132.00,129.50,131.00,443055,57976103
20140530,AVANCE,Oslo Børs,125.50,129.00,125.50,129.00,354794,45471071
20140528,AVANCE,Oslo Børs,126.00,126.00,125.00,125.50,134632,16933855
20140527,AVANCE,Oslo Børs,125.00,126.50,125.00,125.50,695057,87372196
20140526,AVANCE,Oslo Børs,127.00,127.00,124.50,125.00,99781,12496748
20140523,AVANCE,Oslo Børs,125.00,126.50,124.50,125.50,452494,56801974
20140522,AVANCE,Oslo Børs,124.00,126.50,123.50,124.50,677367,84611521
20140521,AVANCE,Oslo Børs,124.50,125.00,123.50,124.00,131772,16347080
20140520,AVANCE,Oslo Børs,125.00,125.50,123.00,123.50,98433,12228707
20140519,AVANCE,Oslo Børs,124.00,125.00,122.50,124.00,261195,32572971
20140516,AVANCE,Oslo Børs,124.50,126.50,123.50,125.00,491629,61601697
20140515,AVANCE,Oslo Børs,125.00,126.00,122.00,123.00,80011,9929026
20140514,AVANCE,Oslo Børs,124.00,125.00,124.00,124.50,11919,1484269
20140513,AVANCE,Oslo Børs,125.00,126.00,123.50,124.00,285920,35570902
20140512,AVANCE,Oslo Børs,124.00,126.50,123.00,125.00,256685,31833653
20140509,AVANCE,Oslo Børs,126.00,127.50,123.00,124.50,104186,13067244
20140508,AVANCE,Oslo Børs,127.00,127.50,126.00,126.50,34093,4316303
20140507,AVANCE,Oslo Børs,127.00,128.50,126.50,127.50,48585,6191123
20140506,AVANCE,Oslo Børs,129.00,129.00,127.50,128.50,10922,1401378
20140505,AVANCE,Oslo Børs,130.00,130.00,127.50,129.00,29779,3829921
20140502,AVANCE,Oslo Børs,128.50,129.50,128.00,129.00,275824,35463952
20140430,AVANCE,Oslo Børs,129.00,129.00,128.00,128.50,380681,48974682
20140429,AVANCE,Oslo Børs,127.50,129.50,127.50,129.00,569866,73085252
20140428,AVANCE,Oslo Børs,125.50,127.50,125.50,127.50,171834,21764305
20140425,AVANCE,Oslo Børs,126.00,126.50,124.50,126.00,372278,46752978
20140424,AVANCE,Oslo Børs,124.00,129.00,124.00,126.00,475978,59988722
20140423,AVANCE,Oslo Børs,123.50,125.00,123.00,124.00,313352,38865491
20140422,AVANCE,Oslo Børs,122.00,128.00,122.00,125.00,349565,43412216
20140416,AVANCE,Oslo Børs,122.00,123.00,122.00,122.50,261715,32007053
20140415,AVANCE,Oslo Børs,117.00,124.00,117.00,122.50,683092,83279560
